custom_id,paper_type_primary,paper_type_empirical,paper_type_experimental,relevance_pgg_or_variant,relevance_punishment_or_sanctions,relevance_efficiency_or_related_payoff_outcome,outcomes_primary_outcome_type,dimension_contextual_or_better_count,dimension_informative_direct_count
10.1002_bdm.1976,empirical,experimental,lab_experiment,exact,exact,exact,efficiency_or_payoff,10,10
10.1002_bdm.2050,empirical,experimental,lab_experiment,exact,exact,exact,mixed,10,10
10.1002_bdm.2110,empirical,experimental,lab_experiment,exact,exact,adjacent,non_payoff_behavior,13,13
10.1002_bdm.2243,empirical,experimental,lab_experiment,close,exact,adjacent,non_payoff_behavior,12,12
10.1002_ird.2704,empirical,experimental,field_experiment,close,exact,close,non_payoff_behavior,3,3
10.1002_pchj.259,empirical,experimental,lab_experiment,exact,exact,close,mixed,12,12
10.1002_per.830,empirical,experimental,lab_experiment,exact,exact,adjacent,non_payoff_behavior,9,9
10.1006_obhd.1995.1015,empirical,experimental,lab_experiment,close,exact,adjacent,non_payoff_behavior,12,11
10.1007_978-0-387-72596-3_8,empirical,experimental,lab_experiment,close,exact,adjacent,non_payoff_behavior,8,8
10.1007_978-3-642-13983-3_11,empirical,experimental,lab_experiment,exact,exact,exact,mixed,12,12
10.1007_s00199-007-0212-0,empirical,experimental,lab_experiment,exact,exact,exact,efficiency_or_payoff,9,9
10.1007_s00265-014-1741-8,empirical,experimental,lab_experiment,close,close,close,mixed,7,7
10.1007_s00355-014-0841-8,empirical,experimental,field_experiment,close,exact,adjacent,non_payoff_behavior,13,13
10.1007_s00355-015-0884-5,empirical,experimental,lab_experiment,exact,exact,exact,efficiency_or_payoff,9,9
10.1007_s00355-020-01284-w,empirical,experimental,lab_experiment,exact,exact,exact,efficiency_or_payoff,10,10
10.1007_s00355-021-01363-6,empirical,experimental,lab_experiment,exact,exact,exact,efficiency_or_payoff,10,10
10.1007_s10058-012-0120-z,empirical,experimental,lab_experiment,exact,exact,exact,efficiency_or_payoff,10,10
10.1007_s10551-024-05865-y,empirical,experimental,lab_experiment,exact,exact,adjacent,non_payoff_behavior,10,10
10.1007_s10551-025-05998-8,empirical,experimental,lab_experiment,exact,exact,close,mixed,10,10
10.1007_s10640-017-0126-7,empirical,experimental,lab_experiment,exact,exact,exact,efficiency_or_payoff,12,12
10.1007_s10640-020-00419-y,empirical,experimental,lab_experiment,close,exact,adjacent,non_payoff_behavior,9,9
10.1007_s10640-023-00759-5,empirical,experimental,field_experiment,close,exact,exact,efficiency_or_payoff,10,10
10.1007_s10640-025-00970-6,empirical,experimental,lab_experiment,exact,exact,exact,efficiency_or_payoff,10,10
10.1007_s10645-008-9094-1,empirical,experimental,lab_experiment,exact,exact,close,mixed,10,10
10.1007_s10657-019-09615-8,empirical,experimental,lab_experiment,exact,exact,adjacent,non_payoff_behavior,10,10
10.1007_s10683-007-9171-3,empirical,experimental,lab_experiment,exact,exact,exact,efficiency_or_payoff,10,10
10.1007_s10683-010-9257-1,empirical,experimental,lab_experiment,exact,exact,exact,mixed,10,7
10.1007_s10683-010-9266-0,empirical,experimental,lab_experiment,exact,exact,adjacent,non_payoff_behavior,9,9
10.1007_s10683-011-9292-6,empirical,experimental,lab_experiment,exact,exact,adjacent,non_payoff_behavior,10,10
10.1007_s10683-013-9360-1,empirical,experimental,lab_experiment,exact,exact,adjacent,non_payoff_behavior,9,9
10.1007_s10683-013-9367-7,empirical,experimental,lab_experiment,close,exact,close,mixed,10,10
10.1007_s10683-014-9393-0,empirical,experimental,lab_experiment,exact,exact,exact,efficiency_or_payoff,10,10
10.1007_s10683-014-9402-3,empirical,experimental,lab_experiment,exact,exact,exact,efficiency_or_payoff,11,11
10.1007_s10683-014-9405-0,empirical,experimental,lab_experiment,exact,exact,exact,efficiency_or_payoff,9,9
10.1007_s10683-017-9527-2,empirical,experimental,lab_experiment,exact,exact,exact,mixed,11,11
10.1007_s10683-018-9592-1,empirical,experimental,lab_experiment,exact,close,exact,efficiency_or_payoff,10,10
10.1007_s10683-019-09609-y,empirical,experimental,lab_experiment,exact,close,exact,efficiency_or_payoff,10,10
10.1007_s10683-019-09629-8,empirical,experimental,lab_experiment,exact,exact,exact,mixed,10,2
10.1007_s11031-014-9395-4,empirical,experimental,lab_experiment,exact,exact,adjacent,non_payoff_behavior,8,8
10.1007_s11127-006-9075-3,empirical,experimental,lab_experiment,close,exact,close,non_payoff_behavior,9,9
10.1007_s11127-016-0319-6,empirical,experimental,lab_experiment,exact,exact,adjacent,non_payoff_behavior,10,10
10.1007_s11127-020-00868-5,empirical,experimental,lab_experiment,exact,exact,exact,efficiency_or_payoff,10,10
10.1007_s11211-017-0300-7,empirical,experimental,lab_experiment,exact,exact,adjacent,non_payoff_behavior,11,11
10.1007_s11238-023-09929-9,empirical,experimental,lab_experiment,exact,exact,adjacent,non_payoff_behavior,8,8
10.1007_s11403-022-00363-8,empirical,experimental,lab_experiment,exact,exact,exact,efficiency_or_payoff,13,13
10.1007_s11558-025-09594-3,empirical,experimental,lab_experiment,exact,exact,exact,mixed,10,10
10.1007_s12110-002-1012-7,empirical,experimental,lab_experiment,exact,exact,exact,efficiency_or_payoff,9,9
10.1007_s12110-012-9136-x,empirical,experimental,other_experiment,close,exact,adjacent,non_payoff_behavior,12,12
10.1007_s12110-024-09483-5,empirical,experimental,lab_experiment,exact,exact,adjacent,non_payoff_behavior,9,9
10.1007_s40503-016-0035-0,empirical,experimental,lab_experiment,exact,exact,adjacent,non_payoff_behavior,10,10
10.1007_s40750-020-00143-3,empirical,experimental,lab_experiment,exact,exact,adjacent,non_payoff_behavior,10,10
10.1007_s40822-020-00144-3,empirical,experimental,lab_experiment,close,exact,adjacent,non_payoff_behavior,8,8
10.1007_s40881-023-00153-3,empirical,experimental,lab_experiment,exact,exact,close,mixed,11,11
10.1007_s40881-023-00157-z,empirical,observational,N/A,exact,exact,adjacent,non_payoff_behavior,11,0
10.1016_j.actpsy.2023.103957,empirical,experimental,lab_experiment,close,exact,adjacent,non_payoff_behavior,5,4
10.1016_j.actpsy.2024.104608,empirical,experimental,lab_experiment,exact,exact,adjacent,non_payoff_behavior,9,9
10.1016_j.agsy.2015.11.012,empirical,experimental,lab_experiment,exact,exact,adjacent,non_payoff_behavior,9,9
10.1016_j.amc.2024.128553,empirical,experimental,lab_experiment,exact,exact,exact,efficiency_or_payoff,12,12
10.1016_j.amc.2024.128836,empirical,experimental,lab_experiment,close,exact,adjacent,non_payoff_behavior,9,9
10.1016_j.chieco.2022.101826,empirical,experimental,field_experiment,exact,exact,adjacent,non_payoff_behavior,8,8
10.1016_j.chieco.2024.102267,empirical,experimental,lab_experiment,exact,exact,exact,efficiency_or_payoff,13,13
10.1016_j.cognition.2017.01.017,empirical,experimental,lab_experiment,exact,exact,adjacent,non_payoff_behavior,7,7
10.1016_j.ecolecon.2008.01.015,empirical,experimental,field_experiment,close,exact,exact,efficiency_or_payoff,12,12
10.1016_j.ecolecon.2015.04.005,empirical,experimental,lab_experiment,close,exact,adjacent,non_payoff_behavior,10,9
10.1016_j.ecolecon.2015.05.011,empirical,experimental,field_experiment,close,exact,adjacent,non_payoff_behavior,10,10
10.1016_j.ecolecon.2019.106432,empirical,experimental,field_experiment,close,exact,exact,efficiency_or_payoff,12,12
10.1016_j.ecolecon.2022.107597,empirical,experimental,lab_experiment,close,exact,close,non_payoff_behavior,10,10
10.1016_j.ecolecon.2023.107932,empirical,experimental,lab_experiment,exact,close,exact,efficiency_or_payoff,8,8
10.1016_j.ecolecon.2024.108438,empirical,experimental,lab_experiment,close,exact,exact,efficiency_or_payoff,14,14
10.1016_j.econlet.2007.09.048,empirical,experimental,lab_experiment,exact,exact,adjacent,non_payoff_behavior,10,10
10.1016_j.econlet.2014.05.017,empirical,experimental,lab_experiment,exact,exact,adjacent,non_payoff_behavior,7,7
10.1016_j.econlet.2017.01.016,empirical,experimental,lab_experiment,exact,exact,exact,efficiency_or_payoff,10,10
10.1016_j.econlet.2017.05.022,empirical,experimental,lab_experiment,exact,exact,adjacent,non_payoff_behavior,10,10
10.1016_j.econlet.2020.109155,empirical,experimental,lab_experiment,exact,exact,close,mixed,13,13
10.1016_j.ejpoleco.2013.11.005,empirical,experimental,lab_experiment,close,close,exact,efficiency_or_payoff,9,7
10.1016_j.ejpoleco.2022.102354,empirical,experimental,lab_experiment,exact,exact,adjacent,non_payoff_behavior,10,10
10.1016_j.euroecorev.2008.09.005,empirical,experimental,lab_experiment,exact,exact,exact,efficiency_or_payoff,9,9
10.1016_j.euroecorev.2008.09.007,empirical,experimental,lab_experiment,exact,exact,exact,efficiency_or_payoff,10,10
10.1016_j.euroecorev.2010.04.003,empirical,experimental,lab_experiment,exact,exact,exact,efficiency_or_payoff,11,11
10.1016_j.euroecorev.2014.11.009,empirical,experimental,lab_experiment,exact,exact,exact,efficiency_or_payoff,8,8
10.1016_j.euroecorev.2015.06.004,empirical,experimental,lab_experiment,exact,exact,exact,efficiency_or_payoff,9,9
10.1016_j.euroecorev.2016.08.004,empirical,experimental,lab_experiment,exact,exact,exact,efficiency_or_payoff,10,10
10.1016_j.euroecorev.2017.01.007,empirical,experimental,lab_experiment,exact,exact,adjacent,non_payoff_behavior,10,10
10.1016_j.euroecorev.2019.103346,empirical,experimental,lab_experiment,exact,exact,adjacent,non_payoff_behavior,11,11
10.1016_j.euroecorev.2021.103862,empirical,experimental,lab_experiment,exact,exact,exact,efficiency_or_payoff,8,8
10.1016_j.euroecorev.2023.104466,empirical,experimental,lab_experiment,close,exact,exact,efficiency_or_payoff,8,8
10.1016_j.euroecorev.2024.104682,empirical,experimental,lab_experiment,close,exact,close,non_payoff_behavior,10,10
10.1016_j.evolhumbehav.2004.04.002,empirical,experimental,lab_experiment,exact,exact,exact,efficiency_or_payoff,10,10
10.1016_j.evolhumbehav.2007.08.002,empirical,experimental,lab_experiment,exact,exact,adjacent,non_payoff_behavior,10,10
10.1016_j.evolhumbehav.2015.12.004,empirical,experimental,lab_experiment,exact,exact,close,mixed,9,9
10.1016_j.forpol.2004.03.006,empirical,experimental,lab_experiment,close,exact,exact,efficiency_or_payoff,9,9
10.1016_j.geb.2004.08.007,empirical,experimental,lab_experiment,exact,exact,exact,mixed,10,10
10.1016_j.geb.2006.08.011,empirical,experimental,lab_experiment,exact,exact,adjacent,non_payoff_behavior,10,10
10.1016_j.geb.2007.09.004,empirical,experimental,lab_experiment,exact,close,adjacent,non_payoff_behavior,13,13
10.1016_j.geb.2009.09.004,empirical,experimental,lab_experiment,exact,exact,exact,efficiency_or_payoff,11,11
10.1016_j.geb.2012.10.001,empirical,experimental,lab_experiment,exact,exact,exact,mixed,10,10
10.1016_j.geb.2012.10.011,empirical,experimental,lab_experiment,exact,exact,exact,mixed,11,11
10.1016_j.geb.2014.01.002,empirical,experimental,lab_experiment,exact,exact,exact,efficiency_or_payoff,10,10
10.1016_j.geb.2020.07.001,empirical,experimental,lab_experiment,close,exact,exact,efficiency_or_payoff,13,13
10.1016_j.geb.2020.07.004,empirical,experimental,lab_experiment,exact,exact,close,mixed,9,9
10.1016_j.geb.2021.08.003,empirical,experimental,lab_experiment,exact,close,exact,efficiency_or_payoff,8,8
10.1016_j.geb.2023.02.005,empirical,experimental,lab_experiment,exact,close,exact,efficiency_or_payoff,13,13
10.1016_j.irle.2013.07.005,empirical,experimental,lab_experiment,exact,exact,adjacent,non_payoff_behavior,10,9
10.1016_j.irle.2014.03.001,empirical,experimental,lab_experiment,exact,close,adjacent,non_payoff_behavior,13,13
10.1016_j.irle.2018.12.010,empirical,experimental,lab_experiment,exact,exact,adjacent,non_payoff_behavior,9,9
10.1016_j.irle.2020.105931,empirical,experimental,lab_experiment,close,exact,adjacent,non_payoff_behavior,8,8
10.1016_j.isci.2025.112833,empirical,experimental,lab_experiment,exact,exact,adjacent,non_payoff_behavior,8,8
10.1016_j.jebo.2003.06.006,empirical,experimental,lab_experiment,exact,exact,exact,efficiency_or_payoff,10,10
10.1016_j.jebo.2005.02.008,empirical,experimental,lab_experiment,close,exact,exact,efficiency_or_payoff,10,9
10.1016_j.jebo.2005.04.018,empirical,experimental,lab_experiment,exact,exact,adjacent,non_payoff_behavior,10,10
10.1016_j.jebo.2009.03.011,empirical,experimental,lab_experiment,exact,exact,adjacent,non_payoff_behavior,9,9
10.1016_j.jebo.2009.03.022,empirical,experimental,lab_experiment,exact,exact,exact,efficiency_or_payoff,11,11
10.1016_j.jebo.2009.11.001,empirical,experimental,lab_experiment,exact,close,exact,efficiency_or_payoff,11,11
10.1016_j.jebo.2011.01.017,empirical,experimental,lab_experiment,exact,exact,exact,efficiency_or_payoff,9,9
10.1016_j.jebo.2011.09.002,empirical,experimental,lab_experiment,close,exact,adjacent,non_payoff_behavior,8,8
10.1016_j.jebo.2011.10.020,empirical,experimental,field_experiment,exact,exact,adjacent,non_payoff_behavior,11,11
10.1016_j.jebo.2013.08.006,empirical,experimental,lab_experiment,exact,exact,exact,efficiency_or_payoff,13,13
10.1016_j.jebo.2014.11.009,empirical,experimental,lab_experiment,exact,exact,exact,efficiency_or_payoff,9,9
10.1016_j.jebo.2015.03.009,empirical,experimental,lab_experiment,exact,exact,adjacent,non_payoff_behavior,10,10
10.1016_j.jebo.2015.09.020,empirical,experimental,lab_experiment,exact,exact,exact,efficiency_or_payoff,10,10
10.1016_j.jebo.2016.06.003,empirical,experimental,lab_experiment,exact,exact,exact,mixed,11,11
10.1016_j.jebo.2016.09.012,empirical,experimental,lab_experiment,close,exact,exact,efficiency_or_payoff,9,9
10.1016_j.jebo.2016.09.015,empirical,experimental,lab_experiment,exact,exact,exact,mixed,11,11
10.1016_j.jebo.2017.01.006,empirical,experimental,lab_experiment,exact,close,close,mixed,8,8
10.1016_j.jebo.2017.06.006,empirical,experimental,lab_experiment,close,exact,exact,efficiency_or_payoff,10,10
10.1016_j.jebo.2017.07.035,empirical,experimental,lab_experiment,close,exact,close,mixed,9,9
10.1016_j.jebo.2017.12.024,empirical,experimental,lab_experiment,close,close,exact,efficiency_or_payoff,9,9
10.1016_j.jebo.2018.12.029,empirical,experimental,lab_experiment,exact,exact,exact,efficiency_or_payoff,11,11
10.1016_j.jebo.2019.03.007,empirical,experimental,lab_experiment,exact,exact,exact,efficiency_or_payoff,10,10
10.1016_j.jebo.2019.05.033,empirical,experimental,lab_experiment,exact,exact,exact,efficiency_or_payoff,11,11
10.1016_j.jebo.2019.06.019,empirical,experimental,lab_experiment,close,exact,exact,efficiency_or_payoff,9,9
10.1016_j.jebo.2019.12.007,empirical,experimental,lab_experiment,exact,exact,adjacent,non_payoff_behavior,10,10
10.1016_j.jebo.2020.03.035,empirical,experimental,lab_experiment,exact,exact,adjacent,non_payoff_behavior,10,10
10.1016_j.jebo.2020.10.005,empirical,experimental,lab_experiment,exact,exact,exact,efficiency_or_payoff,11,11
10.1016_j.jebo.2021.02.016,empirical,experimental,lab_experiment,exact,exact,exact,efficiency_or_payoff,11,11
10.1016_j.jebo.2021.04.029,empirical,experimental,lab_experiment,exact,exact,adjacent,non_payoff_behavior,11,11
10.1016_j.jebo.2021.04.032,empirical,experimental,lab_experiment,exact,exact,close,mixed,11,10
10.1016_j.jebo.2021.05.003,empirical,experimental,lab_experiment,exact,exact,exact,efficiency_or_payoff,10,10
10.1016_j.jebo.2021.05.035,empirical,experimental,lab_experiment,exact,exact,exact,efficiency_or_payoff,10,10
10.1016_j.jebo.2023.09.006,empirical,experimental,lab_experiment,exact,exact,adjacent,non_payoff_behavior,10,10
10.1016_j.jebo.2023.10.029,empirical,experimental,lab_experiment,exact,exact,adjacent,non_payoff_behavior,11,11
10.1016_j.jebo.2023.11.003,empirical,experimental,lab_experiment,exact,exact,adjacent,non_payoff_behavior,11,11
10.1016_j.jebo.2023.11.027,empirical,experimental,lab_experiment,exact,exact,adjacent,non_payoff_behavior,13,13
10.1016_j.jebo.2024.02.003,empirical,experimental,lab_experiment,exact,exact,adjacent,non_payoff_behavior,11,11
10.1016_j.jebo.2024.04.016,empirical,experimental,lab_experiment,exact,exact,exact,efficiency_or_payoff,11,11
10.1016_j.jebo.2025.107071,empirical,experimental,lab_experiment,exact,exact,close,non_payoff_behavior,9,9
10.1016_j.jebo.2025.107207,empirical,experimental,lab_experiment,close,exact,adjacent,non_payoff_behavior,9,9
10.1016_j.jeem.2012.09.001,empirical,experimental,lab_experiment,close,exact,exact,efficiency_or_payoff,10,10
10.1016_j.jeem.2018.07.004,empirical,experimental,lab_experiment,close,close,exact,efficiency_or_payoff,9,9
10.1016_j.jeem.2023.102895,empirical,experimental,lab_experiment,exact,exact,adjacent,non_payoff_behavior,11,11
10.1016_j.jenvp.2018.11.002,empirical,experimental,lab_experiment,close,close,adjacent,non_payoff_behavior,8,8
10.1016_j.jesp.2005.03.002,empirical,experimental,lab_experiment,exact,exact,adjacent,non_payoff_behavior,10,10
10.1016_j.jesp.2008.06.004,empirical,experimental,lab_experiment,close,exact,adjacent,non_payoff_behavior,7,7
10.1016_j.jesp.2009.02.017,empirical,experimental,lab_experiment,exact,close,adjacent,non_payoff_behavior,9,9
10.1016_j.jesp.2019.03.011,empirical,experimental,lab_experiment,exact,exact,none,non_payoff_behavior,13,13
10.1016_j.jesp.2020.104096,empirical,experimental,lab_experiment,exact,exact,exact,efficiency_or_payoff,11,11
10.1016_j.jesp.2023.104566,empirical,experimental,lab_experiment,exact,exact,adjacent,non_payoff_behavior,10,10
10.1016_j.jet.2008.10.005,empirical,experimental,lab_experiment,exact,exact,adjacent,non_payoff_behavior,11,11
10.1016_j.joep.2009.04.004,empirical,experimental,lab_experiment,exact,exact,exact,efficiency_or_payoff,13,13
10.1016_j.joep.2010.01.005,empirical,experimental,lab_experiment,exact,close,exact,mixed,10,10
10.1016_j.joep.2012.10.004,empirical,experimental,lab_experiment,exact,exact,exact,efficiency_or_payoff,11,11
10.1016_j.joep.2013.01.001,empirical,experimental,lab_experiment,exact,exact,adjacent,non_payoff_behavior,13,13
10.1016_j.joep.2013.07.002,empirical,experimental,lab_experiment,exact,exact,exact,efficiency_or_payoff,10,10
10.1016_j.joep.2016.02.008,empirical,experimental,lab_experiment,exact,exact,adjacent,non_payoff_behavior,10,9
10.1016_j.joep.2017.03.007,empirical,experimental,lab_experiment,exact,exact,exact,mixed,10,10
10.1016_j.joep.2019.102190,empirical,experimental,lab_experiment,exact,exact,adjacent,non_payoff_behavior,9,9
10.1016_j.joep.2021.102448,empirical,experimental,lab_experiment,exact,exact,adjacent,non_payoff_behavior,11,11
10.1016_j.jpubeco.2004.05.011,empirical,experimental,lab_experiment,exact,close,exact,efficiency_or_payoff,11,11
10.1016_j.jpubeco.2006.10.007,empirical,experimental,lab_experiment,exact,close,exact,mixed,10,10
10.1016_j.jpubeco.2007.04.005,empirical,experimental,lab_experiment,close,close,exact,efficiency_or_payoff,13,13
10.1016_j.jpubeco.2007.04.008,empirical,experimental,lab_experiment,exact,exact,exact,efficiency_or_payoff,11,11
10.1016_j.jpubeco.2009.10.007,empirical,experimental,lab_experiment,exact,exact,exact,efficiency_or_payoff,11,11
10.1016_j.jpubeco.2010.11.021,empirical,experimental,lab_experiment,exact,exact,adjacent,non_payoff_behavior,11,11
10.1016_j.jpubeco.2011.05.001,empirical,experimental,lab_experiment,exact,exact,exact,efficiency_or_payoff,10,10
10.1016_j.jpubeco.2012.05.014,empirical,experimental,lab_experiment,exact,exact,exact,efficiency_or_payoff,10,10
10.1016_j.jpubeco.2012.08.003,empirical,experimental,lab_experiment,exact,exact,exact,efficiency_or_payoff,10,10
10.1016_j.jpubeco.2014.05.002,empirical,experimental,lab_experiment,exact,exact,close,mixed,9,9
10.1016_j.jpubeco.2014.10.001,empirical,experimental,lab_experiment,exact,exact,adjacent,non_payoff_behavior,13,13
10.1016_j.jpubeco.2014.10.008,empirical,experimental,lab_experiment,exact,exact,exact,efficiency_or_payoff,10,10
10.1016_j.jpubeco.2015.03.007,empirical,experimental,lab_experiment,exact,exact,adjacent,non_payoff_behavior,10,10
10.1016_j.jpubeco.2015.03.012,empirical,experimental,lab_experiment,exact,exact,exact,mixed,13,13
10.1016_j.jpubeco.2015.12.012,empirical,experimental,lab_experiment,exact,exact,exact,efficiency_or_payoff,10,10
10.1016_j.jpubeco.2016.09.008,empirical,experimental,lab_experiment,exact,exact,exact,efficiency_or_payoff,10,10
10.1016_j.jpubeco.2016.12.007,empirical,experimental,lab_experiment,close,exact,exact,efficiency_or_payoff,12,12
10.1016_j.jpubeco.2017.03.002,empirical,experimental,lab_experiment,close,exact,exact,efficiency_or_payoff,9,9
10.1016_j.jpubeco.2018.06.010,empirical,experimental,lab_experiment,exact,exact,adjacent,non_payoff_behavior,11,11
10.1016_j.jpubeco.2019.104053,empirical,experimental,lab_experiment,exact,exact,exact,efficiency_or_payoff,9,9
10.1016_j.jpubeco.2021.104429,empirical,experimental,lab_experiment,exact,exact,exact,efficiency_or_payoff,9,9
10.1016_j.jpubeco.2022.104701,empirical,experimental,lab_experiment,exact,close,exact,mixed,9,9
10.1016_j.jrp.2019.05.005,empirical,experimental,lab_experiment,close,exact,adjacent,non_payoff_behavior,10,10
10.1016_j.leaqua.2021.101589,empirical,experimental,lab_experiment,exact,exact,adjacent,non_payoff_behavior,11,11
10.1016_j.leaqua.2023.101695,empirical,experimental,lab_experiment,exact,close,exact,efficiency_or_payoff,9,4
10.1016_j.marpol.2019.103673,empirical,experimental,lab_experiment,exact,exact,exact,efficiency_or_payoff,9,9
10.1016_j.marpol.2024.106493,empirical,experimental,lab_experiment,exact,close,adjacent,non_payoff_behavior,10,10
10.1016_j.obhdp.2014.09.005,empirical,experimental,lab_experiment,close,exact,adjacent,non_payoff_behavior,12,12
10.1016_j.obhdp.2016.02.004,empirical,experimental,lab_experiment,close,exact,adjacent,non_payoff_behavior,13,13
10.1016_j.obhdp.2018.07.001,empirical,experimental,lab_experiment,exact,exact,adjacent,non_payoff_behavior,11,11
10.1016_j.obhdp.2022.104152,empirical,experimental,lab_experiment,exact,exact,exact,efficiency_or_payoff,9,9
10.1016_j.physa.2021.126839,empirical,experimental,lab_experiment,exact,exact,exact,efficiency_or_payoff,10,10
10.1016_j.physa.2022.128097,empirical,experimental,lab_experiment,exact,exact,close,mixed,11,11
10.1016_j.physleta.2020.126276,empirical,experimental,lab_experiment,exact,exact,adjacent,non_payoff_behavior,13,13
10.1016_j.pursup.2017.11.006,empirical,experimental,lab_experiment,close,exact,close,mixed,10,10
10.1016_j.socec.2013.02.017,empirical,experimental,lab_experiment,exact,exact,exact,efficiency_or_payoff,9,9
10.1016_j.socec.2014.09.001,empirical,experimental,lab_experiment,exact,exact,adjacent,non_payoff_behavior,10,10
10.1016_j.socec.2015.12.002,empirical,experimental,lab_experiment,exact,exact,exact,efficiency_or_payoff,11,11
10.1016_j.socec.2016.03.005,empirical,experimental,lab_experiment,exact,exact,exact,efficiency_or_payoff,8,8
10.1016_j.socec.2016.04.009,empirical,experimental,lab_experiment,exact,exact,adjacent,non_payoff_behavior,13,13
10.1016_j.socec.2018.03.007,empirical,experimental,lab_experiment,exact,exact,exact,mixed,13,13
10.1016_j.socec.2018.05.007,empirical,experimental,lab_experiment,exact,exact,exact,efficiency_or_payoff,10,10
10.1016_j.socec.2018.09.006,empirical,experimental,lab_experiment,exact,exact,exact,efficiency_or_payoff,11,11
10.1016_j.socec.2019.02.006,empirical,experimental,lab_experiment,close,exact,exact,efficiency_or_payoff,11,11
10.1016_j.socec.2019.101478,empirical,experimental,lab_experiment,exact,exact,exact,efficiency_or_payoff,9,9
10.1016_j.socec.2021.101692,empirical,experimental,lab_experiment,exact,exact,exact,efficiency_or_payoff,11,11
10.1016_j.socec.2023.102081,empirical,experimental,lab_experiment,exact,exact,adjacent,non_payoff_behavior,5,4
10.1016_j.socec.2023.102091,empirical,experimental,lab_experiment,exact,exact,exact,efficiency_or_payoff,11,11
10.1016_j.socec.2023.102127,empirical,experimental,lab_experiment,exact,exact,adjacent,non_payoff_behavior,10,10
10.1016_j.socec.2024.102211,empirical,experimental,lab_experiment,close,exact,exact,efficiency_or_payoff,10,10
10.1016_j.socec.2025.102403,empirical,experimental,lab_experiment,exact,exact,adjacent,non_payoff_behavior,8,8
10.1016_j.ssresearch.2018.12.012,empirical,experimental,lab_experiment,exact,exact,adjacent,non_payoff_behavior,11,11
10.1016_j.worlddev.2024.106686,empirical,experimental,field_experiment,close,exact,adjacent,non_payoff_behavior,10,10
10.1016_s0167-2681(02)00098-7,empirical,experimental,lab_experiment,close,exact,exact,efficiency_or_payoff,13,13
10.1016_s1090-5138(02)00157-5,empirical,experimental,lab_experiment,exact,exact,exact,efficiency_or_payoff,11,8
10.1017_bpp.2019.4,empirical,experimental,lab_experiment,exact,exact,close,mixed,13,13
10.1017_ehs.2022.32,empirical,experimental,lab_experiment,exact,exact,adjacent,non_payoff_behavior,11,11
10.1017_ehs.2024.41,empirical,experimental,lab_experiment,exact,exact,exact,mixed,10,10
10.1017_psrm.2023.52,empirical,experimental,lab_experiment,exact,exact,exact,efficiency_or_payoff,8,8
10.1017_s1355770x12000381,empirical,experimental,lab_experiment,close,close,exact,efficiency_or_payoff,10,10
10.1017_s1355770x16000322,empirical,experimental,lab_experiment,close,exact,adjacent,non_payoff_behavior,10,9
10.1017_s1355770x19000457,empirical,experimental,lab_experiment,close,exact,exact,efficiency_or_payoff,10,10
10.1017_s1744137416000527,empirical,experimental,lab_experiment,exact,exact,adjacent,non_payoff_behavior,10,10
10.1017_xps.2020.10,empirical,experimental,lab_experiment,exact,exact,exact,efficiency_or_payoff,11,11
10.1023_a_1023952115422,empirical,experimental,lab_experiment,exact,exact,adjacent,non_payoff_behavior,10,10
10.1023_b_Exec.0000040559.08652.51,empirical,experimental,lab_experiment,exact,exact,exact,efficiency_or_payoff,13,13
10.1027_1864-9335_a000460,empirical,experimental,lab_experiment,exact,exact,adjacent,non_payoff_behavior,6,5
10.1027_2151-2604_a000459,empirical,experimental,lab_experiment,exact,exact,adjacent,non_payoff_behavior,11,11
10.1037_0022-3514.76.4.587,empirical,experimental,lab_experiment,exact,exact,adjacent,non_payoff_behavior,9,7
10.1037_a0011381,empirical,experimental,lab_experiment,exact,exact,adjacent,non_payoff_behavior,13,13
10.1037_a0023489,empirical,experimental,lab_experiment,exact,exact,adjacent,non_payoff_behavior,6,3
10.1037_a0033495,empirical,experimental,lab_experiment,close,exact,adjacent,non_payoff_behavior,10,10
10.1037_npe0000011,empirical,experimental,lab_experiment,exact,exact,adjacent,non_payoff_behavior,13,13
10.1037_npe0000045,empirical,experimental,lab_experiment,exact,exact,exact,efficiency_or_payoff,11,11
10.1037_npe0000099,empirical,experimental,lab_experiment,exact,exact,exact,mixed,8,8
10.1037_npe0000169,empirical,experimental,lab_experiment,exact,exact,exact,efficiency_or_payoff,11,11
10.1037_pspa0000375,empirical,experimental,lab_experiment,exact,exact,adjacent,non_payoff_behavior,5,0
10.1037_pspi0000389,empirical,experimental,lab_experiment,exact,exact,adjacent,non_payoff_behavior,6,1
10.1037_pspi0000474,empirical,experimental,lab_experiment,exact,exact,adjacent,non_payoff_behavior,6,0
10.1037_xge0000365,empirical,experimental,lab_experiment,exact,exact,adjacent,non_payoff_behavior,7,7
10.1037_xge0001004,empirical,experimental,lab_experiment,exact,exact,exact,efficiency_or_payoff,10,10
10.1038_415137a,empirical,experimental,lab_experiment,exact,exact,close,mixed,11,11
10.1038_nature05229,empirical,experimental,lab_experiment,exact,exact,exact,efficiency_or_payoff,11,11
10.1038_s41467-017-00731-0,empirical,experimental,lab_experiment,close,exact,exact,efficiency_or_payoff,11,11
10.1038_s41467-018-04775-8,empirical,experimental,lab_experiment,exact,exact,adjacent,non_payoff_behavior,10,10
10.1038_s41467-020-15661-7,empirical,experimental,lab_experiment,close,exact,exact,efficiency_or_payoff,11,11
10.1038_s41562-017-0138,empirical,experimental,lab_experiment,exact,exact,close,mixed,8,8
10.1038_s41562-017-0191-5,empirical,experimental,lab_experiment,exact,exact,exact,efficiency_or_payoff,10,10
10.1038_s41562-019-0707-2,empirical,experimental,lab_experiment,exact,exact,adjacent,non_payoff_behavior,11,11
10.1038_s41598-017-11580-8,empirical,experimental,lab_experiment,close,exact,adjacent,non_payoff_behavior,1,0
10.1038_s41598-017-12490-5,empirical,experimental,lab_experiment,exact,exact,exact,efficiency_or_payoff,9,9
10.1038_s41598-017-13918-8,empirical,experimental,lab_experiment,exact,exact,exact,efficiency_or_payoff,10,10
10.1038_s41598-018-38323-7,empirical,experimental,lab_experiment,exact,exact,adjacent,non_payoff_behavior,11,11
10.1038_s41598-020-64930-4,empirical,experimental,lab_experiment,exact,exact,exact,efficiency_or_payoff,13,13
10.1038_s41598-020-65516-w,empirical,experimental,lab_experiment,exact,exact,exact,efficiency_or_payoff,13,13
10.1038_s41598-020-73314-7,empirical,experimental,lab_experiment,exact,exact,adjacent,non_payoff_behavior,11,11
10.1038_s41598-021-88663-0,empirical,experimental,lab_experiment,close,exact,adjacent,non_payoff_behavior,5,2
10.1038_s41598-023-33167-2,empirical,experimental,lab_experiment,exact,exact,exact,mixed,10,10
10.1038_s41598-024-71106-x,empirical,experimental,lab_experiment,exact,exact,adjacent,non_payoff_behavior,9,9
10.1038_s41598-024-72939-2,empirical,experimental,lab_experiment,exact,exact,adjacent,non_payoff_behavior,9,9
10.1038_srep06421,empirical,experimental,lab_experiment,exact,exact,adjacent,non_payoff_behavior,10,10
10.1038_srep10321,empirical,experimental,lab_experiment,close,exact,adjacent,non_payoff_behavior,10,10
10.1038_srep20767,empirical,experimental,lab_experiment,exact,exact,exact,efficiency_or_payoff,10,10
10.1038_srep23919,empirical,experimental,lab_experiment,exact,exact,exact,efficiency_or_payoff,10,10
10.1038_srep28809,empirical,experimental,lab_experiment,exact,exact,close,non_payoff_behavior,12,12
10.1038_srep38349,empirical,experimental,lab_experiment,close,exact,exact,efficiency_or_payoff,9,9
10.1038_srep42844,empirical,experimental,lab_experiment,exact,exact,exact,efficiency_or_payoff,13,13
10.1057_s41599-019-0249-2,empirical,experimental,lab_experiment,exact,exact,exact,mixed,10,10
10.1057_s41599-022-01436-6,empirical,experimental,lab_experiment,close,exact,exact,efficiency_or_payoff,9,9
10.1063_5.0147226,empirical,experimental,lab_experiment,close,exact,close,mixed,10,10
10.1073_pnas.0913149107,empirical,experimental,lab_experiment,exact,exact,adjacent,non_payoff_behavior,10,10
10.1073_pnas.1105456108,empirical,experimental,lab_experiment,exact,exact,adjacent,non_payoff_behavior,10,10
10.1073_pnas.1108996108,empirical,experimental,lab_experiment,exact,exact,adjacent,non_payoff_behavior,9,9
10.1073_pnas.1215443110,empirical,experimental,lab_experiment,close,exact,adjacent,non_payoff_behavior,10,10
10.1073_pnas.1315273111,empirical,experimental,lab_experiment,exact,exact,exact,efficiency_or_payoff,7,7
10.1073_pnas.2415010122,empirical,experimental,lab_experiment,exact,exact,adjacent,non_payoff_behavior,9,9
10.1080_08941920.2016.1209266,empirical,experimental,lab_experiment,exact,exact,adjacent,non_payoff_behavior,13,8
10.1080_13504851.2011.572844,empirical,experimental,lab_experiment,close,exact,adjacent,non_payoff_behavior,9,9
10.1080_13504851.2022.2156458,empirical,experimental,lab_experiment,exact,exact,adjacent,non_payoff_behavior,8,8
10.1080_15534510.2012.729493,empirical,experimental,lab_experiment,exact,exact,adjacent,non_payoff_behavior,11,11
10.1080_15534510802469156,empirical,experimental,lab_experiment,close,exact,adjacent,non_payoff_behavior,9,9
10.1086_682418,empirical,experimental,lab_experiment,exact,exact,adjacent,non_payoff_behavior,8,8
10.1086_691630,empirical,experimental,lab_experiment,exact,exact,close,non_payoff_behavior,11,11
10.1086_700098,empirical,experimental,lab_experiment,close,exact,exact,efficiency_or_payoff,10,10
10.1086_720287,empirical,experimental,lab_experiment,close,close,adjacent,non_payoff_behavior,10,10
10.1086_731967,empirical,experimental,lab_experiment,exact,exact,exact,efficiency_or_payoff,10,10
10.1093_aepp_ppq017,empirical,experimental,lab_experiment,close,exact,close,non_payoff_behavior,11,11
10.1093_ajae_aay025,empirical,experimental,lab_experiment,close,close,adjacent,non_payoff_behavior,9,9
10.1093_aler_aht010,empirical,experimental,lab_experiment,exact,exact,adjacent,non_payoff_behavior,10,10
10.1093_ei_cbi045,empirical,experimental,lab_experiment,exact,exact,exact,efficiency_or_payoff,11,11
10.1093_ej_uead030,empirical,experimental,lab_experiment,exact,exact,adjacent,non_payoff_behavior,11,11
10.1093_jae_ejr034,empirical,experimental,lab_experiment,close,exact,adjacent,non_payoff_behavior,10,10
10.1093_jleo_ewz004,empirical,experimental,lab_experiment,exact,exact,adjacent,non_payoff_behavior,11,11
10.1093_oep_gpv048,empirical,experimental,lab_experiment,exact,exact,exact,efficiency_or_payoff,10,10
10.1093_oep_gpy045,empirical,experimental,lab_experiment,exact,exact,exact,efficiency_or_payoff,9,9
10.1093_pnasnexus_pgad091,empirical,experimental,lab_experiment,exact,exact,exact,efficiency_or_payoff,12,12
10.1093_pnasnexus_pgae200,empirical,observational,N/A,exact,exact,adjacent,non_payoff_behavior,5,1
10.1093_restud_rdt022,empirical,experimental,lab_experiment,exact,exact,exact,efficiency_or_payoff,9,9
10.1093_sf_sov110,empirical,experimental,lab_experiment,exact,exact,exact,efficiency_or_payoff,10,10
10.1093_sf_soy017,empirical,experimental,lab_experiment,exact,exact,adjacent,non_payoff_behavior,11,11
10.1098_rsbl.2013.1069,empirical,experimental,lab_experiment,close,exact,adjacent,non_payoff_behavior,5,0
10.1098_rsbl.2014.0388,empirical,experimental,lab_experiment,exact,exact,adjacent,non_payoff_behavior,10,10
10.1098_rspb.2007.1558,empirical,experimental,lab_experiment,exact,exact,exact,efficiency_or_payoff,9,9
10.1098_rspb.2008.1082,empirical,experimental,lab_experiment,exact,exact,exact,efficiency_or_payoff,10,10
10.1098_rspb.2011.0252,empirical,experimental,lab_experiment,exact,exact,exact,efficiency_or_payoff,10,10
10.1098_rspb.2012.0615,empirical,experimental,lab_experiment,close,exact,adjacent,non_payoff_behavior,9,9
10.1098_rspb.2012.0937,empirical,experimental,lab_experiment,exact,exact,exact,mixed,9,9
10.1098_rspb.2012.2043,empirical,experimental,field_experiment,exact,exact,adjacent,non_payoff_behavior,10,10
10.1098_rspb.2013.0247,empirical,experimental,lab_experiment,close,exact,adjacent,non_payoff_behavior,5,5
10.1098_rspb.2021.1611,empirical,experimental,lab_experiment,exact,exact,close,non_payoff_behavior,11,11
10.1098_rspb.2021.2174,empirical,experimental,lab_experiment,close,exact,close,mixed,9,9
10.1098_rstb.2008.0275,empirical,experimental,lab_experiment,exact,exact,adjacent,non_payoff_behavior,10,10
10.1098_rstb.2010.0135,empirical,experimental,lab_experiment,exact,exact,adjacent,non_payoff_behavior,11,11
10.1098_rstb.2015.0011,empirical,experimental,lab_experiment,exact,exact,adjacent,non_payoff_behavior,10,10
10.1108_01437720310502177,empirical,experimental,lab_experiment,exact,close,exact,efficiency_or_payoff,10,10
10.1108_tpm-03-2020-0021,empirical,experimental,lab_experiment,close,exact,close,non_payoff_behavior,10,10
10.1111_1468-0106.12034,empirical,experimental,lab_experiment,close,close,adjacent,non_payoff_behavior,11,10
10.1111_1475-4932.12073,empirical,experimental,lab_experiment,exact,exact,exact,efficiency_or_payoff,10,10
10.1111_apce.12343,empirical,experimental,lab_experiment,exact,exact,exact,mixed,9,9
10.1111_boer.12140,empirical,experimental,lab_experiment,exact,exact,adjacent,non_payoff_behavior,9,9
10.1111_cogs.13326,empirical,experimental,lab_experiment,exact,exact,adjacent,non_payoff_behavior,10,10
10.1111_ecin.12187,empirical,experimental,lab_experiment,exact,exact,adjacent,non_payoff_behavior,11,11
10.1111_ecin.12713,empirical,experimental,lab_experiment,exact,exact,exact,efficiency_or_payoff,10,10
10.1111_ecin.12720,empirical,experimental,lab_experiment,close,close,adjacent,non_payoff_behavior,5,0
10.1111_ecin.12766,empirical,experimental,lab_experiment,exact,exact,exact,efficiency_or_payoff,10,10
10.1111_ecin.12974,empirical,experimental,lab_experiment,exact,exact,exact,mixed,11,11
10.1111_geer.12103,empirical,experimental,lab_experiment,exact,exact,exact,efficiency_or_payoff,12,8
10.1111_j.0021-9029.2006.00042.x,empirical,experimental,lab_experiment,close,close,adjacent,non_payoff_behavior,9,9
10.1111_j.1465-7295.2007.00028.x,empirical,experimental,lab_experiment,exact,exact,exact,efficiency_or_payoff,9,9
10.1111_j.1465-7295.2007.00051.x,empirical,experimental,lab_experiment,exact,exact,exact,efficiency_or_payoff,13,13
10.1111_j.1465-7295.2010.00344.x,empirical,experimental,field_experiment,exact,exact,exact,efficiency_or_payoff,9,9
10.1111_j.1465-7295.2011.00422.x,empirical,experimental,lab_experiment,exact,close,exact,efficiency_or_payoff,13,13
10.1111_j.1465-7295.2011.00433.x,empirical,experimental,lab_experiment,exact,close,close,non_payoff_behavior,13,13
10.1111_j.1465-7295.2011.00452.x,empirical,experimental,lab_experiment,exact,exact,exact,efficiency_or_payoff,9,9
10.1111_j.1467-937X.2010.00608.x,empirical,experimental,lab_experiment,exact,exact,exact,mixed,13,13
10.1111_j.1467-9442.2006.00444.x,empirical,experimental,lab_experiment,exact,exact,exact,efficiency_or_payoff,10,10
10.1111_j.1467-9779.2010.01472.x,empirical,experimental,lab_experiment,exact,exact,exact,mixed,10,10
10.1111_j.1467-9779.2011.01515.x,empirical,experimental,lab_experiment,exact,exact,exact,efficiency_or_payoff,11,11
10.1111_j.1467-9779.2011.01519.x,empirical,experimental,lab_experiment,close,exact,exact,efficiency_or_payoff,13,13
10.1111_j.1467-9779.2011.01520.x,empirical,experimental,lab_experiment,exact,exact,exact,efficiency_or_payoff,10,10
10.1111_j.1468-0297.2005.01031.x,empirical,experimental,lab_experiment,exact,exact,exact,efficiency_or_payoff,9,9
10.1111_j.1468-0297.2011.02476.x,empirical,experimental,lab_experiment,close,exact,adjacent,non_payoff_behavior,10,10
10.1111_j.1540-5907.2012.00596.x,empirical,experimental,lab_experiment,exact,exact,adjacent,non_payoff_behavior,10,10
10.1111_j.1542-4774.2011.01059.x,empirical,experimental,lab_experiment,exact,exact,adjacent,non_payoff_behavior,10,10
10.1111_j.1559-1816.2012.00914.x,empirical,experimental,lab_experiment,close,exact,adjacent,non_payoff_behavior,8,8
10.1111_j.1740-1461.2010.01197.x,empirical,experimental,lab_experiment,exact,exact,exact,efficiency_or_payoff,11,11
10.1111_j.1749-6632.2009.04503.x,empirical,experimental,lab_experiment,close,exact,adjacent,non_payoff_behavior,2,2
10.1111_jels.12042,empirical,experimental,lab_experiment,exact,exact,close,mixed,10,10
10.1111_jels.12231,empirical,experimental,lab_experiment,exact,exact,adjacent,non_payoff_behavior,10,10
10.1111_ssqu.12910,empirical,experimental,lab_experiment,exact,exact,exact,efficiency_or_payoff,11,11
10.1126_sciadv.aau7296,empirical,experimental,lab_experiment,close,exact,exact,efficiency_or_payoff,9,8
10.1126_sciadv.abj7377,empirical,experimental,lab_experiment,exact,exact,adjacent,non_payoff_behavior,10,10
10.1126_science.1123633,empirical,experimental,lab_experiment,exact,exact,exact,efficiency_or_payoff,11,11
10.1126_science.1153808,empirical,experimental,lab_experiment,exact,exact,close,mixed,10,10
10.1126_science.1177418,empirical,experimental,lab_experiment,exact,exact,exact,efficiency_or_payoff,13,13
10.1126_science.1183532,empirical,experimental,lab_experiment,close,exact,exact,efficiency_or_payoff,10,10
10.1126_science.1202599,empirical,experimental,field_experiment,exact,exact,adjacent,non_payoff_behavior,9,9
10.1142_s021759082246002x,empirical,experimental,lab_experiment,exact,exact,exact,mixed,11,11
10.1155_2021_6192629,empirical,experimental,lab_experiment,close,exact,adjacent,non_payoff_behavior,11,11
10.1162_jeea.2005.3.2-3.303,empirical,experimental,lab_experiment,exact,exact,close,non_payoff_behavior,8,8
10.1177_0022002703258795,empirical,experimental,lab_experiment,exact,exact,exact,mixed,10,10
10.1177_0022002708322361,empirical,experimental,lab_experiment,exact,exact,exact,efficiency_or_payoff,10,10
10.1177_0022002712448910,empirical,experimental,lab_experiment,close,exact,exact,efficiency_or_payoff,10,10
10.1177_0022002714560349,empirical,experimental,lab_experiment,close,exact,exact,efficiency_or_payoff,10,10
10.1177_0098628319834208,empirical,experimental,lab_experiment,close,exact,adjacent,non_payoff_behavior,8,5
10.1177_0146167206289978,empirical,experimental,lab_experiment,close,exact,exact,efficiency_or_payoff,10,10
10.1177_0146167216684134,empirical,experimental,lab_experiment,exact,exact,adjacent,non_payoff_behavior,11,11
10.1177_0190272512442397,empirical,experimental,lab_experiment,close,exact,adjacent,non_payoff_behavior,9,9
10.1177_0190272513518803,empirical,experimental,lab_experiment,exact,exact,adjacent,non_payoff_behavior,13,13
10.1177_0190272517703750,empirical,experimental,lab_experiment,exact,exact,exact,mixed,11,11
10.1177_01902725221132517,empirical,experimental,lab_experiment,exact,exact,close,mixed,10,10
10.1177_0894439313511396,empirical,experimental,lab_experiment,exact,exact,adjacent,non_payoff_behavior,11,11
10.1177_0951629814539199,empirical,experimental,lab_experiment,close,exact,exact,efficiency_or_payoff,10,10
10.1177_0951629815586885,empirical,experimental,lab_experiment,close,exact,exact,efficiency_or_payoff,13,13
10.1177_0956797613510184,empirical,experimental,lab_experiment,exact,close,exact,mixed,10,10
10.1177_0956797617752642,empirical,experimental,lab_experiment,exact,exact,adjacent,non_payoff_behavior,10,10
10.1177_10434631231219608,empirical,experimental,lab_experiment,close,exact,exact,mixed,9,9
10.1177_1046496404266546,empirical,experimental,lab_experiment,close,exact,exact,efficiency_or_payoff,9,9
10.1177_1368430208098783,empirical,experimental,lab_experiment,exact,exact,adjacent,non_payoff_behavior,13,13
10.1177_1745691613488533,empirical,experimental,lab_experiment,exact,exact,adjacent,non_payoff_behavior,9,9
10.1177_1948550619849431,empirical,observational,N/A,close,close,adjacent,non_payoff_behavior,10,9
10.1186_1744-9081-9-3,empirical,experimental,lab_experiment,exact,exact,adjacent,non_payoff_behavior,11,11
10.1257_000282803321455359,empirical,experimental,lab_experiment,exact,exact,exact,efficiency_or_payoff,10,10
10.1257_aer.102.7.3317,empirical,experimental,lab_experiment,exact,exact,exact,efficiency_or_payoff,11,11
10.1257_aer.20120700,empirical,experimental,field_experiment,close,exact,exact,efficiency_or_payoff,10,10
10.1257_aer.90.4.980,empirical,experimental,lab_experiment,exact,exact,exact,efficiency_or_payoff,11,11
10.1257_aer.99.4.1335,empirical,experimental,lab_experiment,exact,exact,exact,efficiency_or_payoff,8,8
10.1257_mic.20180336,empirical,experimental,lab_experiment,exact,exact,exact,mixed,11,11
10.1287_mnsc.2015.2168,empirical,experimental,lab_experiment,exact,exact,adjacent,non_payoff_behavior,13,13
10.1371_journal.pone.0040325,empirical,experimental,lab_experiment,exact,exact,exact,efficiency_or_payoff,12,12
10.1371_journal.pone.0045093,empirical,experimental,lab_experiment,exact,exact,close,mixed,10,10
10.1371_journal.pone.0064677,empirical,experimental,lab_experiment,close,exact,exact,efficiency_or_payoff,9,8
10.1371_journal.pone.0064941,empirical,experimental,lab_experiment,exact,exact,exact,efficiency_or_payoff,10,10
10.1371_journal.pone.0069871,empirical,experimental,lab_experiment,close,exact,exact,mixed,12,12
10.1371_journal.pone.0085691,empirical,experimental,lab_experiment,exact,exact,adjacent,non_payoff_behavior,11,11
10.1371_journal.pone.0092336,empirical,experimental,lab_experiment,exact,exact,adjacent,non_payoff_behavior,10,10
10.1371_journal.pone.0120394,empirical,experimental,lab_experiment,exact,exact,adjacent,non_payoff_behavior,11,11
10.1371_journal.pone.0188503,empirical,experimental,lab_experiment,close,exact,exact,mixed,11,11
10.1371_journal.pone.0200965,empirical,experimental,lab_experiment,close,exact,adjacent,non_payoff_behavior,4,0
10.1371_journal.pone.0202878,empirical,experimental,lab_experiment,close,exact,exact,mixed,9,9
10.1371_journal.pone.0222724,empirical,experimental,lab_experiment,exact,exact,exact,mixed,11,11
10.1371_journal.pone.0227360,empirical,experimental,lab_experiment,exact,exact,adjacent,non_payoff_behavior,13,13
10.1371_journal.pone.0236544,empirical,experimental,lab_experiment,close,exact,exact,efficiency_or_payoff,13,13
10.1371_journal.pone.0240324,empirical,experimental,lab_experiment,exact,exact,adjacent,non_payoff_behavior,11,11
10.1371_journal.pone.0248599,empirical,experimental,lab_experiment,exact,exact,adjacent,non_payoff_behavior,11,11
10.1371_journal.pone.0263028,empirical,experimental,lab_experiment,exact,exact,exact,efficiency_or_payoff,11,11
10.1371_journal.pone.0267251,empirical,experimental,lab_experiment,exact,exact,adjacent,non_payoff_behavior,10,10
10.1371_journal.pone.0273014,empirical,experimental,lab_experiment,exact,exact,adjacent,non_payoff_behavior,13,13
10.1371_journal.pone.0307832,empirical,experimental,lab_experiment,close,exact,exact,efficiency_or_payoff,9,9
10.1515_bejte-2019-0057,empirical,experimental,lab_experiment,exact,exact,exact,efficiency_or_payoff,10,10
10.1561_102.00000099,empirical,experimental,lab_experiment,close,exact,exact,efficiency_or_payoff,9,9
10.1628_093245616x14500948554072,empirical,experimental,lab_experiment,exact,exact,exact,efficiency_or_payoff,13,13
10.2307_1964229,empirical,experimental,lab_experiment,close,exact,exact,efficiency_or_payoff,10,10
10.2307_2667052,empirical,experimental,lab_experiment,close,exact,adjacent,non_payoff_behavior,8,7
10.2307_2669365,empirical,experimental,lab_experiment,exact,exact,adjacent,non_payoff_behavior,9,9
10.2307_3005886,empirical,experimental,lab_experiment,exact,close,adjacent,non_payoff_behavior,8,7
10.3389_fnbeh.2015.00107,empirical,experimental,lab_experiment,exact,exact,exact,efficiency_or_payoff,10,10
10.3389_fnbeh.2016.00053,empirical,experimental,lab_experiment,exact,exact,exact,efficiency_or_payoff,10,10
10.3389_fnbeh.2016.00180,empirical,experimental,lab_experiment,exact,exact,exact,efficiency_or_payoff,10,10
10.3389_fnins.2019.01160,empirical,experimental,lab_experiment,close,exact,adjacent,non_payoff_behavior,11,11
10.3389_fpsyg.2019.02956,empirical,experimental,lab_experiment,exact,exact,adjacent,non_payoff_behavior,9,9
10.3389_fpsyg.2022.794953,empirical,experimental,lab_experiment,close,exact,adjacent,non_payoff_behavior,11,11
10.3389_fpsyg.2023.1198797,empirical,experimental,lab_experiment,exact,exact,none,non_payoff_behavior,11,11
10.3389_fpsyg.2025.1465057,empirical,observational,N/A,close,close,adjacent,non_payoff_behavior,5,0
10.3390_brainsci11030317,empirical,experimental,lab_experiment,exact,close,adjacent,non_payoff_behavior,14,14
10.3390_bs14070601,empirical,experimental,lab_experiment,exact,exact,exact,efficiency_or_payoff,13,13
10.3390_bs14080638,empirical,experimental,lab_experiment,exact,exact,adjacent,non_payoff_behavior,11,11
10.3390_g10010012,empirical,experimental,lab_experiment,exact,exact,adjacent,non_payoff_behavior,10,10
10.3390_g12020050,empirical,experimental,lab_experiment,close,exact,exact,mixed,10,10
10.3390_g12030063,empirical,experimental,lab_experiment,exact,exact,exact,mixed,10,10
10.3763_cpol.2010.0106,empirical,experimental,lab_experiment,close,close,adjacent,non_payoff_behavior,7,7
10.4284_0038-4038-2012.067,empirical,experimental,lab_experiment,exact,exact,adjacent,non_payoff_behavior,11,11
10.4284_sej.2010.76.3.638,empirical,experimental,lab_experiment,exact,exact,exact,efficiency_or_payoff,10,10
10.5751_es-05598-180302,empirical,experimental,lab_experiment,close,close,exact,efficiency_or_payoff,12,12
10.5751_es-07532-200228,empirical,experimental,field_experiment,close,exact,exact,efficiency_or_payoff,10,10
PGG_MS_202502,empirical,experimental,lab_experiment,exact,exact,exact,efficiency_or_payoff,14,14
